Age,AI_Index,AI_TotalTasks
18-24 years old,0.23485236777691681,12.727672679278486
25-34 years old,0.2107284462311742,12.819563522992985
35-44 years old,0.19571449002767685,12.802344322344322
45-54 years old,0.18129486993233362,12.7486285898677
55-64 years old,0.15053934868411756,12.72992700729927
65 years or older,0.13542253594156708,12.290657439446367
