ExpGroup,AI_Index,AI_TotalTasks
high,0.18115087814249273,12.823565814716257
low,0.3226011735830467,12.481873111782477
mid,0.2457511429687784,12.699471598414796
