CountryGroup,AI_Index,AI_TotalTasks
Other,0.2206826027489839,12.731263383297645
United Kingdom of Great Britain and Northern Ireland,0.14836936303019455,12.891320204230489
United States of America,0.1665559176273462,12.902433862433863
